<?xml version="1.0"?>
<doc>
    <assembly>
        <name>Microsoft.Owin.Host.SystemWeb</name>
    </assembly>
    <members>
        <member name="T:Microsoft.Owin.Host.SystemWeb.OwinHttpHandler">
            <summary>
            Processes requests from System.Web as OWIN requests.
            </summary>
        </member>
        <member name="M:Microsoft.Owin.Host.SystemWeb.OwinHttpHandler.#ctor">
            <summary>
            Processes requests using the default OWIN application.
            </summary>
        </member>
        <member name="M:Microsoft.Owin.Host.SystemWeb.OwinHttpHandler.BeginProcessRequest(System.Web.HttpContextBase,System.AsyncCallback,System.Object)">
            <summary>
            Initiates an asynchronous call to the HTTP handler.
            </summary>
            <param name="httpContext">
            An System.Web.HttpContextBase object that provides references to intrinsic server
            objects (for example, Request, Response, Session, and Server) used to service
            HTTP requests.
            </param>
            <param name="callback">
            The System.AsyncCallback to call when the asynchronous method call is complete.
            If callback is null, the delegate is not called.
            </param>
            <param name="extraData">
            Any extra data needed to process the request.
            </param>
            <returns>
            An System.IAsyncResult that contains information about the status of the process.
            </returns>
        </member>
        <member name="M:Microsoft.Owin.Host.SystemWeb.OwinHttpHandler.EndProcessRequest(System.IAsyncResult)">
            <summary>
            Provides an asynchronous process End method when the process ends.
            </summary>
            <param name="result">
            An System.IAsyncResult that contains information about the status of the process.
            </param>
        </member>
        <member name="P:Microsoft.Owin.Host.SystemWeb.OwinHttpHandler.IsReusable">
            <summary>
            Gets a value indicating whether another request can use the System.Web.IHttpHandler instance.
            </summary>
            <returns>
            true.
            </returns>
        </member>
        <member name="T:Microsoft.Owin.Host.SystemWeb.OwinRouteHandler">
            <summary>
            Processes a route through an OWIN pipeline.
            </summary>
        </member>
        <member name="M:Microsoft.Owin.Host.SystemWeb.OwinRouteHandler.#ctor(System.Action{Owin.IAppBuilder})">
            <summary>
            Initialize an OwinRouteHandler
            </summary>
            <param name="startup">The method to initialize the pipeline that processes requests for the route.</param>
        </member>
        <member name="M:Microsoft.Owin.Host.SystemWeb.OwinRouteHandler.#ctor(System.String,System.Action{Owin.IAppBuilder})">
            <summary>
            Initialize an OwinRouteHandler
            </summary>
            <param name="pathBase">The value to provide as the request path base instead of the current HttpRuntime.AppDomainAppVirtualPath.</param>
            <param name="startup">The method to initialize the pipeline that processes requests for the route.</param>
        </member>
        <member name="M:Microsoft.Owin.Host.SystemWeb.OwinRouteHandler.GetHttpHandler(System.Web.Routing.RequestContext)">
            <summary>
            Provides the object that processes the request.
            </summary>
            <returns>
            An object that processes the request.
            </returns>
            <param name="requestContext">An object that encapsulates information about the request.</param>
        </member>
        <member name="T:Microsoft.Owin.Host.SystemWeb.PreApplicationStart">
            <summary>
            Registers the OWIN request processing module at application startup.
            </summary>
        </member>
        <member name="M:Microsoft.Owin.Host.SystemWeb.PreApplicationStart.Initialize">
            <summary>
            Registers the OWIN request processing module.
            </summary>
        </member>
        <member name="T:Microsoft.Owin.Host.SystemWeb.Resources">
            <summary>
              A strongly-typed resource class, for looking up localized strings, etc.
            </summary>
        </member>
        <member name="P:Microsoft.Owin.Host.SystemWeb.Resources.ResourceManager">
            <summary>
              Returns the cached ResourceManager instance used by this class.
            </summary>
        </member>
        <member name="P:Microsoft.Owin.Host.SystemWeb.Resources.Culture">
            <summary>
              Overrides the current thread's CurrentUICulture property for all
              resource lookups using this strongly typed resource class.
            </summary>
        </member>
        <member name="P:Microsoft.Owin.Host.SystemWeb.Resources.Exception_CannotRegisterAfterHeadersSent">
            <summary>
              Looks up a localized string similar to Cannot register for &apos;OnSendingHeaders&apos; event after response headers have been sent..
            </summary>
        </member>
        <member name="P:Microsoft.Owin.Host.SystemWeb.Resources.Trace_ClientCertException">
            <summary>
              Looks up a localized string similar to An exception was thrown while trying to load the client certificate:.
            </summary>
        </member>
        <member name="P:Microsoft.Owin.Host.SystemWeb.Resources.Trace_EntryPointException">
            <summary>
              Looks up a localized string similar to The OWIN entry point threw an exception:.
            </summary>
        </member>
        <member name="P:Microsoft.Owin.Host.SystemWeb.Resources.Trace_NoOwinEntryPointFound">
            <summary>
              Looks up a localized string similar to No OWIN entry point was found..
            </summary>
        </member>
        <member name="P:Microsoft.Owin.Host.SystemWeb.Resources.Trace_OwinCallContextCallbackException">
            <summary>
              Looks up a localized string similar to The IAsyncResult callback for OwinCallHandler threw an exception:.
            </summary>
        </member>
        <member name="P:Microsoft.Owin.Host.SystemWeb.Resources.Trace_RegisterModuleException">
            <summary>
              Looks up a localized string similar to Failed to register the OWIN module:.
            </summary>
        </member>
        <member name="P:Microsoft.Owin.Host.SystemWeb.Resources.Trace_RequestDisconnectCallbackExceptions">
            <summary>
              Looks up a localized string similar to The application threw one or more exceptions when notified of a client disconnect:.
            </summary>
        </member>
        <member name="P:Microsoft.Owin.Host.SystemWeb.Resources.Trace_SetCurrentDirectoryException">
            <summary>
              Looks up a localized string similar to An exception was thrown while configuring the current directory:.
            </summary>
        </member>
        <member name="P:Microsoft.Owin.Host.SystemWeb.Resources.Trace_ShutdownDetectionSetupException">
            <summary>
              Looks up a localized string similar to Shutdown detection setup failed:.
            </summary>
        </member>
        <member name="P:Microsoft.Owin.Host.SystemWeb.Resources.Trace_ShutdownException">
            <summary>
              Looks up a localized string similar to One or more exceptions were thrown during app pool shutdown:.
            </summary>
        </member>
        <member name="P:Microsoft.Owin.Host.SystemWeb.Resources.Trace_TimerCallbackException">
            <summary>
              Looks up a localized string similar to An exception was thrown from a timer callback:.
            </summary>
        </member>
        <member name="P:Microsoft.Owin.Host.SystemWeb.Resources.Trace_WebSocketException">
            <summary>
              Looks up a localized string similar to An exception was thrown while processing the WebSocket:.
            </summary>
        </member>
        <member name="P:Microsoft.Owin.Host.SystemWeb.Resources.Trace_WebSocketsSupportDetected">
            <summary>
              Looks up a localized string similar to Support for WebSockets has been detected..
            </summary>
        </member>
        <member name="P:Microsoft.Owin.Host.SystemWeb.Resources.Trace_WebSocketsSupportNotDetected">
            <summary>
              Looks up a localized string similar to No support for WebSockets has been detected..
            </summary>
        </member>
        <member name="T:System.Web.Routing.RouteCollectionExtensions">
            <summary>
            Provides extension methods for registering OWIN applications as System.Web routes.
            </summary>
        </member>
        <member name="M:System.Web.Routing.RouteCollectionExtensions.MapOwinPath(System.Web.Routing.RouteCollection,System.String)">
            <summary>
            Registers a route for the default OWIN application.
            </summary>
            <param name="routes">The route collection.</param>
            <param name="pathBase">The route path to map to the default OWIN application.</param>
            <returns>The created route.</returns>
        </member>
        <member name="M:System.Web.Routing.RouteCollectionExtensions.MapOwinPath``1(System.Web.Routing.RouteCollection,System.String,``0)">
            <summary>
            Registers a route for a specific OWIN application entry point.
            </summary>
            <typeparam name="TApp">The OWIN application entry point type.</typeparam>
            <param name="routes">The route collection.</param>
            <param name="pathBase">The route path to map to the given OWIN application.</param>
            <param name="app">The OWIN application entry point.</param>
            <returns>The created route.</returns>
        </member>
        <member name="M:System.Web.Routing.RouteCollectionExtensions.MapOwinPath(System.Web.Routing.RouteCollection,System.String,System.Action{Owin.IAppBuilder})">
            <summary>
            Invokes the System.Action startup delegate to build the OWIN application
            and then registers a route for it on the given path.
            </summary>
            <param name="routes">The route collection.</param>
            <param name="pathBase">The route path to map to the given OWIN application.</param>
            <param name="startup">A System.Action delegate invoked to build the OWIN application.</param>
            <returns>The created route.</returns>
        </member>
        <member name="M:System.Web.Routing.RouteCollectionExtensions.MapOwinPath(System.Web.Routing.RouteCollection,System.String,System.String)">
            <summary>
            Registers a route for the default OWIN application.
            </summary>
            <param name="routes">The route collection.</param>
            <param name="name">The given name of the route.</param>
            <param name="pathBase">The route path to map to the default OWIN application.</param>
            <returns>The created route.</returns>
        </member>
        <member name="M:System.Web.Routing.RouteCollectionExtensions.MapOwinPath``1(System.Web.Routing.RouteCollection,System.String,System.String,``0)">
            <summary>
            Registers a route for a specific OWIN application entry point.
            </summary>
            <typeparam name="TApp">The OWIN application entry point type.</typeparam>
            <param name="routes">The route collection.</param>
            <param name="name">The given name of the route.</param>
            <param name="pathBase">The route path to map to the given OWIN application.</param>
            <param name="app">The OWIN application entry point.</param>
            <returns>The created route.</returns>
        </member>
        <member name="M:System.Web.Routing.RouteCollectionExtensions.MapOwinPath(System.Web.Routing.RouteCollection,System.String,System.String,System.Action{Owin.IAppBuilder})">
            <summary>
            Invokes the System.Action startup delegate to build the OWIN application
            and then registers a route for it on the given path.
            </summary>
            <param name="routes">The route collection.</param>
            <param name="name">The given name of the route.</param>
            <param name="pathBase">The route path to map to the given OWIN application.</param>
            <param name="startup">A System.Action delegate invoked to build the OWIN application.</param>
            <returns>The created route.</returns>
        </member>
        <member name="M:System.Web.Routing.RouteCollectionExtensions.MapOwinRoute(System.Web.Routing.RouteCollection,System.String,System.Action{Owin.IAppBuilder})">
            <summary>
            Provides a way to define routes for an OWIN pipeline.
            </summary>
            <param name="routes">The route collection.</param>
            <param name="routeUrl">The URL pattern for the route.</param>
            <param name="startup">The method to initialize the pipeline that processes requests for the route.</param>
        </member>
        <member name="M:System.Web.Routing.RouteCollectionExtensions.MapOwinRoute(System.Web.Routing.RouteCollection,System.String,System.Web.Routing.RouteValueDictionary,System.Action{Owin.IAppBuilder})">
            <summary>
            Provides a way to define routes for an OWIN pipeline.
            </summary>
            <param name="routes">The route collection.</param>
            <param name="routeUrl">The URL pattern for the route.</param>
            <param name="defaults">The values to use if the URL does not contain all the parameters.</param>
            <param name="startup">The method to initialize the pipeline that processes requests for the route.</param>
        </member>
        <member name="M:System.Web.Routing.RouteCollectionExtensions.MapOwinRoute(System.Web.Routing.RouteCollection,System.String,System.Web.Routing.RouteValueDictionary,System.Web.Routing.RouteValueDictionary,System.Action{Owin.IAppBuilder})">
            <summary>
            Provides a way to define routes for an OWIN pipeline.
            </summary>
            <param name="routes">The route collection.</param>
            <param name="routeUrl">The URL pattern for the route.</param>
            <param name="defaults">The values to use if the URL does not contain all the parameters.</param>
            <param name="constraints">A regular expression that specifies valid values for a URL parameter.</param>
            <param name="startup">The method to initialize the pipeline that processes requests for the route.</param>
        </member>
        <member name="M:System.Web.Routing.RouteCollectionExtensions.MapOwinRoute(System.Web.Routing.RouteCollection,System.String,System.Web.Routing.RouteValueDictionary,System.Web.Routing.RouteValueDictionary,System.Web.Routing.RouteValueDictionary,System.Action{Owin.IAppBuilder})">
            <summary>
            Provides a way to define routes for an OWIN pipeline.
            </summary>
            <param name="routes">The route collection.</param>
            <param name="routeUrl">The URL pattern for the route.</param>
            <param name="defaults">The values to use if the URL does not contain all the parameters.</param>
            <param name="constraints">A regular expression that specifies valid values for a URL parameter.</param>
            <param name="dataTokens">Custom values that are passed to the route handler, but which are not used to determine whether the route matches a specific URL pattern. These values are passed to the route handler, where they can be used for processing the request.</param>
            <param name="startup">The method to initialize the pipeline that processes requests for the route.</param>
        </member>
        <member name="M:System.Web.Routing.RouteCollectionExtensions.MapOwinRoute(System.Web.Routing.RouteCollection,System.String,System.String,System.Action{Owin.IAppBuilder})">
            <summary>
            Provides a way to define routes for an OWIN pipeline.
            </summary>
            <param name="routes">The route collection.</param>
            <param name="routeName">The name of the route.</param>
            <param name="routeUrl">The URL pattern for the route.</param>
            <param name="startup">The method to initialize the pipeline that processes requests for the route.</param>
        </member>
        <member name="M:System.Web.Routing.RouteCollectionExtensions.MapOwinRoute(System.Web.Routing.RouteCollection,System.String,System.String,System.Web.Routing.RouteValueDictionary,System.Action{Owin.IAppBuilder})">
            <summary>
            Provides a way to define routes for an OWIN pipeline.
            </summary>
            <param name="routes">The route collection.</param>
            <param name="routeName">The name of the route.</param>
            <param name="routeUrl">The URL pattern for the route.</param>
            <param name="defaults">The values to use if the URL does not contain all the parameters.</param>
            <param name="startup">The method to initialize the pipeline that processes requests for the route.</param>
        </member>
        <member name="M:System.Web.Routing.RouteCollectionExtensions.MapOwinRoute(System.Web.Routing.RouteCollection,System.String,System.String,System.Web.Routing.RouteValueDictionary,System.Web.Routing.RouteValueDictionary,System.Action{Owin.IAppBuilder})">
            <summary>
            Provides a way to define routes for an OWIN pipeline.
            </summary>
            <param name="routes">The route collection.</param>
            <param name="routeName">The name of the route.</param>
            <param name="routeUrl">The URL pattern for the route.</param>
            <param name="defaults">The values to use if the URL does not contain all the parameters.</param>
            <param name="constraints">A regular expression that specifies valid values for a URL parameter.</param>
            <param name="startup">The method to initialize the pipeline that processes requests for the route.</param>
        </member>
        <member name="M:System.Web.Routing.RouteCollectionExtensions.MapOwinRoute(System.Web.Routing.RouteCollection,System.String,System.String,System.Web.Routing.RouteValueDictionary,System.Web.Routing.RouteValueDictionary,System.Web.Routing.RouteValueDictionary,System.Action{Owin.IAppBuilder})">
            <summary>
            Provides a way to define routes for an OWIN pipeline.
            </summary>
            <param name="routes">The route collection.</param>
            <param name="routeName">The name of the route.</param>
            <param name="routeUrl">The URL pattern for the route.</param>
            <param name="defaults">The values to use if the URL does not contain all the parameters.</param>
            <param name="constraints">A regular expression that specifies valid values for a URL parameter.</param>
            <param name="dataTokens">Custom values that are passed to the route handler, but which are not used to determine whether the route matches a specific URL pattern. These values are passed to the route handler, where they can be used for processing the request.</param>
            <param name="startup">The method to initialize the pipeline that processes requests for the route.</param>
        </member>
    </members>
</doc>
